noise_level,ic,T,FD_E_error,ADMM_E_error,SP_ADMM_E_error,FD_H_error,ADMM_H_error,SP_ADMM_H_error,FD_energy_drift,ADMM_energy_drift,SP_ADMM_energy_drift,ADMM_coeff_error,SP_ADMM_coeff_error,ADMM_skew_violation,SP_ADMM_skew_violation,ADMM_runtime_seconds,SP_ADMM_runtime_seconds,SP_ADMM_iterations,R
0.0,two_wave_exact,0.02,0.03519493351536778,0.002671095488599305,1.575603801422755e-07,0.030299710490228983,0.002294831953632298,1.3536566038373407e-07,1.3295248531202867e-16,1.0636198824962294e-15,0.0,0.35809931964403746,2.1125243010397814e-05,2.106054124988057e-13,0.0,0.013380765914916992,0.014373064041137695,300,3
0.01,two_wave_exact,0.02,0.03519493351536778,0.0026741285945557653,1.075273857234439e-05,0.030299710490228983,0.0022976256953347674,8.877185431555881e-06,1.3295248531202867e-16,1.99428727968043e-15,1.3295248531202867e-16,0.3584712280703908,0.0006513480731260812,1.5271117703719028e-13,0.0,0.01234126091003418,0.012848138809204102,300,3
0.02,two_wave_exact,0.02,0.03519493351536778,0.002677195168343197,2.1431318571172685e-05,0.030299710490228983,0.0023004446098129397,1.7685154157287878e-05,1.3295248531202867e-16,1.0636198824962294e-15,0.0,0.358843141300243,0.0012816134325562983,6.072919944699606e-14,0.0,0.01384282112121582,0.01303720474243164,300,3
0.05,two_wave_exact,0.02,0.03519493351536778,0.0026865945395904626,5.346814751249889e-05,0.030299710490228983,0.0023090514595706297,4.4109977867907234e-05,1.3295248531202867e-16,2.9249546768646308e-15,0.0,0.3599589090034941,0.0031724114210484357,1.4536390293339167e-13,0.0,0.014255046844482422,0.017004966735839844,300,3
0.1,two_wave_exact,0.02,0.03519493351536778,0.0027029186445239853,0.00010686323936747359,0.030299710490228983,0.0023238909574707523,8.815164815273239e-05,1.3295248531202867e-16,3.98857455936086e-16,0.0,0.36181861476561655,0.006323742157439967,2.3275825711266407e-13,0.0,0.016917943954467773,0.01589488983154297,300,3
0.2,two_wave_exact,0.02,0.03519493351536778,0.002737982245126781,0.0002136536039643299,0.030299710490228983,0.0023553825616767264,0.00017623505655832642,1.3295248531202867e-16,1.595429823744344e-15,1.3295248531202867e-16,0.36553836857354255,0.012626403313138565,1.7474520880341315e-13,0.0,0.013171195983886719,0.013991832733154297,300,3
0.3,two_wave_exact,0.02,0.03519493351536778,0.0027761635167329723,0.00032044405867135746,0.030299710490228983,0.00238921056845631,0.0002643184272326946,1.3295248531202867e-16,1.8613347943684014e-15,0.0,0.3692585677032982,0.01892906488003473,1.7926141419441763e-13,0.0,0.015101194381713867,0.013373136520385742,300,3
0.5,two_wave_exact,0.02,0.03519493351536778,0.0028613697125053484,0.000534025146929262,0.030299710490228983,0.002463484121351104,0.00044048497670421663,1.3295248531202867e-16,7.97714911872172e-16,2.6590497062405734e-16,0.37670024802569446,0.031534387763318426,1.1944019530839427e-13,0.0,0.015981674194335938,0.015330791473388672,300,3
0.7,two_wave_exact,0.02,0.03519493351536778,0.0029575036038252994,0.0007476064342241527,0.030299710490228983,0.0025459279869966345,0.0006166512360378058,1.3295248531202867e-16,5.318099412481147e-16,0.0,0.3841435554735733,0.04413971053421226,1.4465021140172838e-13,0.0,0.01628589630126953,0.019572973251342773,300,3
0.9,two_wave_exact,0.02,0.03519493351536778,0.0030635366369707513,0.0009611878900067516,0.030299710490228983,0.0026357755053486214,0.0007928171783580732,1.3295248531202867e-16,1.7283823090563727e-15,0.0,0.39158839714650545,0.056745033631023484,1.0073395188389951e-13,0.0,0.04891800880432129,0.020520925521850586,300,3
1.0,two_wave_exact,0.02,0.03519493351536778,0.0031199536291914064,0.0010679786726541455,0.030299710490228983,0.0026832455923513493,0.0008809000232009602,1.3295248531202867e-16,2.9249546768646308e-15,1.3295248531202867e-16,0.39531136621085355,0.06304769547277317,2.737087282013772e-13,0.0,0.024418115615844727,0.01994609832763672,300,3
