noise_level,n_trials,FD_E_error_mean,FD_E_error_std,FD_E_error_ci95,ADMM_E_error_mean,ADMM_E_error_std,ADMM_E_error_ci95,SP_ADMM_E_error_mean,SP_ADMM_E_error_std,SP_ADMM_E_error_ci95,ADMM_coeff_error_mean,ADMM_coeff_error_std,ADMM_coeff_error_ci95,SP_ADMM_coeff_error_mean,SP_ADMM_coeff_error_std,SP_ADMM_coeff_error_ci95,ADMM_runtime_seconds_mean,ADMM_runtime_seconds_std,ADMM_runtime_seconds_ci95,SP_ADMM_runtime_seconds_mean,SP_ADMM_runtime_seconds_std,SP_ADMM_runtime_seconds_ci95,SP_ADMM_iterations_mean,SP_ADMM_iterations_std,SP_ADMM_iterations_ci95
0.0,10,0.03519493351536778,0.0,0.0,0.0026550847046641866,3.2124642718229894e-05,1.9911059841714842e-05,1.607764298954404e-07,2.2519169648765175e-08,1.3957525952743055e-08,0.35876877045196215,0.004634022264358919,0.002872196756327799,2.174668750615846e-05,3.1935569355948424e-06,1.979387095765842e-06,0.012223052978515624,0.001198662825323349,0.0007429389162204904,0.01328728199005127,0.0012691268601068748,0.0007866129774565794,300.0,0.0,0.0
0.01,10,0.03519493351536778,0.0,0.0,0.002643148298111227,5.298155153863128e-05,3.283830585900797e-05,5.994099764282659e-05,3.708486012400203e-05,2.298543444131775e-05,0.35800908152915284,0.00440476379323058,0.0027301008837637124,0.0038151524753956257,0.0030337900526852565,0.0018803625558125368,0.01258549690246582,0.0016541337191954477,0.0010252427010000278,0.013393139839172364,0.0012736712074175327,0.0007894295931007654,300.0,0.0,0.0
0.02,10,0.03519493351536778,0.0,0.0,0.0026315176347362986,0.00010094090522228817,6.256382123799665e-05,0.00011989904166740183,7.42297428196018e-05,4.60080712579403e-05,0.35724946393714246,0.005815823091356433,0.0036046844977084187,0.007634353764232667,0.006074215780628641,0.0037648379457603394,0.01425480842590332,0.007983020789858696,0.0049479275476682575,0.019017481803894044,0.015988882811704946,0.009910012237594927,300.0,0.0,0.0
0.05,10,0.03519493351536778,0.0,0.0,0.0025985796184705514,0.00025597027827282823,0.00015865202215925263,0.0002997734057659198,0.00018566435234627964,0.00011507595780799706,0.3549710502693527,0.013268321106191397,0.008223790622721732,0.019092108455546437,0.015195375378569765,0.009418191235114663,0.01502540111541748,0.007956356365199977,0.0049314007660420335,0.013786673545837402,0.0018836892728006684,0.001167522707190969,300.0,0.0,0.0
0.1,10,0.03519493351536778,0.0,0.0,0.0025514124653093105,0.0005126915492103194,0.00031776951439448244,0.0005995640124973149,0.0003713886103860437,0.00023018904554949373,0.35117523476355755,0.027256463470626078,0.01689373108355784,0.038188416119148735,0.03039726970387573,0.01884042295527714,0.012214326858520507,0.0013623552131827473,0.0008443965093488993,0.013904333114624023,0.0019164849879830031,0.0011878497020551561,300.0,0.0,0.0
0.2,10,0.03519493351536778,0.0,0.0,0.0025090350447855713,0.0009666173263233579,0.0005991156258849524,0.0011991445671929257,0.0007428365336374351,0.00046041485359380125,0.343590101500476,0.0557953299187064,0.03458230376735533,0.07638104998662415,0.06080104424888878,0.03768487765286134,0.012204241752624512,0.0018333580070978234,0.0011363270655115085,0.01400010585784912,0.0009343936576608945,0.0005791431891271171,300.0,0.0,0.0
0.3,10,0.03519493351536778,0.0,0.0,0.0026067492531584914,0.0012582859503466202,0.0007798937119734316,0.0017987234987982663,0.001114283149423578,0.000690639851262752,0.3360155387702597,0.08444461104274169,0.05233931217632573,0.11457368812296413,0.09120481573466395,0.05652933045431025,0.01176905632019043,0.0014249411762011057,0.000883187691116743,0.013277316093444824,0.0013011195110426569,0.0008064422279439621,300.0,0.0,0.0
0.5,10,0.03519493351536778,0.0,0.0,0.003176514226223203,0.0016260955778786578,0.0010078644809679571,0.0029978730558748085,0.001857169956238176,0.0011510858644945825,0.3209166802008118,0.14176759005909856,0.08786846266404005,0.19095896656980244,0.15201235654395445,0.09421823471702555,0.012566518783569337,0.0013321795732872757,0.0008256934539720432,0.013739013671875,0.0012977502475167394,0.0008043539367752332,300.0,0.0,0.0
0.7,10,0.03519493351536778,0.0,0.0,0.004032732040108715,0.0018953189612823764,0.001174730862790732,0.00419700584454903,0.002600044033160143,0.001611523987657217,0.30600171773910284,0.19891417000576253,0.12328827987563096,0.2673442458544236,0.21281989669500573,0.13190713857175992,0.011676144599914551,0.001488911061136729,0.0009228366365756136,0.013574600219726562,0.0009253410056511606,0.0005735322972808478,300.0,0.0,0.0
0.9,10,0.03519493351536778,0.0,0.0,0.00496837719976321,0.0022639630757146463,0.0014032188521245896,0.005396115037034964,0.0033429003787817167,0.0020719511208460075,0.2949975808812231,0.25125249025230334,0.15572790684936033,0.34372952570704574,0.2736274367069976,0.16959604234030443,0.011846470832824706,0.0013974521165633124,0.0008661497954351833,0.013612008094787598,0.0009888296321149894,0.0006128829556485506,300.0,0.0,0.0
1.0,10,0.03519493351536778,0.0,0.0,0.005448122292364508,0.0024849582931491965,0.0015401931069876668,0.005995658649979211,0.003714320338744193,0.0023021595970642824,0.30260929430183436,0.26240213599167533,0.1626385288748802,0.38192216565778814,0.3040312064784368,0.18844049407919689,0.012341976165771484,0.001824263178204178,0.0011306900321617563,0.013797402381896973,0.0012100580118107943,0.0007500017259783797,300.0,0.0,0.0
