R,expected_order,FD_coeff_error,ADMM_coeff_error_vs_FD,SP_ADMM_coeff_error_vs_FD,ADMM_skew_violation,SP_ADMM_skew_violation,ADMM_runtime_seconds,SP_ADMM_runtime_seconds,SP_ADMM_iterations,fd_stencil,admm_stencil,sp_admm_stencil
1,2,0.0,2.5020588131908595e-16,3.9568348597640574e-13,3.1843076508885974e-14,0.0,0.0006890296936035156,0.0023751258850097656,42,[-64.   0.  64.],[-6.40000000e+01  1.76322218e-14  6.40000000e+01],[-64.   0.  64.]
2,4,0.0,6.692046589781854e-16,3.709716578252064e-11,1.250280267439137e-13,0.0,0.0007867813110351562,0.002384185791015625,41,[ 10.66666667 -85.33333333   0.          85.33333333 -10.66666667],"[ 1.06666667e+01 -8.53333333e+01  3.08811143e-14  8.53333333e+01
 -1.06666667e+01]",[ 10.66666667 -85.33333333   0.          85.33333333 -10.66666667]
3,6,0.0,1.3841655775495998e-15,0.003938078019629496,3.1299467538221544e-13,0.0,0.0008521080017089844,0.014007091522216797,300,"[ -2.13333333  19.2        -96.           0.          96.
 -19.2          2.13333333]","[-2.13333333e+00  1.92000000e+01 -9.60000000e+01 -4.47647926e-14
  9.60000000e+01 -1.92000000e+01  2.13333333e+00]","[ -2.06095999  18.94986355 -95.71555769   0.          95.71555769
 -18.94986355   2.06095999]"
4,8,0.0,2.1049683901357956e-15,0.7840682538435614,3.639137621898962e-13,0.0,0.0032129287719726562,0.015534162521362305,300,"[   0.45714286   -4.87619048   25.6        -102.4           0.
  102.4         -25.6           4.87619048   -0.45714286]","[ 4.57142857e-01 -4.87619048e+00  2.56000000e+01 -1.02400000e+02
 -6.90385268e-14  1.02400000e+02 -2.56000000e+01  4.87619048e+00
 -4.57142857e-01]","[ -5.00614884  22.78848491 -31.48466018 -49.39005527   0.
  49.39005527  31.48466018 -22.78848491   5.00614884]"
