iteration_budget,SP_ADMM_iterations,SP_ADMM_coeff_error_vs_FD,reference_coeff_error_vs_FD,distance_SP_to_reference,SP_ADMM_primal_residual,SP_ADMM_dual_residual,rho_final,runtime_seconds,SP_ADMM_skew_violation,SP_ADMM_stencil
30,30,0.8008859154101037,1.2058344934981175e-06,0.8008854848166045,0.0022174062300258372,0.016630546725170735,2.5,0.002386808395385742,0.0,"[ -5.1232994041  23.3817991739 -32.7090677242 -48.2529761761
   0.            48.2529761761  32.7090677242 -23.3817991739
   5.1232994041]"
100,100,0.7964914514014584,1.2058344934981175e-06,0.7964910165542028,0.0022051584297085296,0.01653868822279949,2.5,0.0045299530029296875,0.0,"[ -5.09271216    23.2268188483 -32.3891401253 -48.5501372962
   0.            48.5501372962  32.3891401253 -23.2268188483
   5.09271216  ]"
300,300,0.7840682538435614,1.2058344934981175e-06,0.7840678069708896,0.002170763634969994,0.01628072726226048,2.5,0.011668920516967773,0.0,"[ -5.0061488388  22.7884849073 -31.4846601805 -49.3900552659
   0.            49.3900552659  31.4846601805 -22.7884849073
   5.0061488388]"
1000,1000,0.7420932822831391,1.2058344934981175e-06,0.7420927947795024,0.002054551960104677,0.015409139700782257,2.5,0.03396010398864746,0.0,"[ -4.7136723705  21.3074608291 -28.4286418097 -52.2279343809
   0.            52.2279343809  28.4286418097 -21.3074608291
   4.7136723705]"
3000,3000,0.6341412832371547,1.2058344934981175e-06,0.6341406912380602,0.0017556766631036647,0.013167574973272238,2.5,0.11568689346313477,0.0,"[ -3.9614760438  17.4985360359 -20.5691179081 -59.5264437575
   0.            59.5264437575  20.5691179081 -17.4985360359
   3.9614760438]"
10000,10000,0.3657906133230188,1.2058344934981175e-06,0.36578976156563936,0.0010127225010186408,0.007595418757639951,2.5,0.3716599941253662,0.0,"[ -2.0916413955   8.0301840931  -1.0316519711 -77.6693211279
   0.            77.6693211279   1.0316519711  -8.0301840931
   2.0916413955]"
30000,30000,0.07594725628675958,1.2058344934981175e-06,0.0759461239665877,0.00021026380998953993,0.0015769785748760883,2.5,1.0386030673980713,0.0,"[-7.2048331925e-02 -2.1965051625e+00  2.0070604703e+01 -9.7265294132e+01
  0.0000000000e+00  9.7265294132e+01 -2.0070604703e+01  2.1965051625e+00
  7.2048331925e-02]"
100000,100000,0.0003109225683730835,1.2058344934981175e-06,0.0003097170336855547,8.57479789447095e-07,6.431098442111173e-06,2.5,3.090061902999878,0.0,"[   0.454976391    -4.8652200479   25.5773630579 -102.3789788786
    0.            102.3789788786  -25.5773630579    4.8652200479
   -0.454976391 ]"
300000,238427,1.211860818101093e-06,1.2058344934981175e-06,6.02633047129763e-09,1.2665358369590202e-11,9.499018450450224e-11,2.5,7.556126117706299,0.0,"[   0.4571344173   -4.8761477269   25.5999117715 -102.3999180601
    0.            102.3999180601  -25.5999117715    4.8761477269
   -0.4571344173]"
