initial_condition,ic,T,FD_E_error,ADMM_E_error,SP_ADMM_E_error,FD_H_error,ADMM_H_error,SP_ADMM_H_error,FD_energy_drift,ADMM_energy_drift,SP_ADMM_energy_drift,ADMM_coeff_error,SP_ADMM_coeff_error,ADMM_skew_violation,SP_ADMM_skew_violation,ADMM_runtime_seconds,SP_ADMM_runtime_seconds,SP_ADMM_iterations,R,noise_level
single_mode,single_mode,0.02,9.79643999749635e-05,0.00017498849912858327,6.765791976937087e-05,5.895696929981112e-05,0.00010533466527854774,4.071890117572693e-05,0.0,0.0,1.1102230246251565e-16,0.36553836857354255,0.012626403313138565,1.7474520880341315e-13,0.0,0.013837099075317383,0.012109994888305664,300,3,0.2
two_modes,two_modes,0.02,0.0011155518563774288,0.00014110955306423866,6.947781462984412e-05,0.0009241832720511909,0.00013584571931087887,7.643660020941204e-05,0.0,8.516779366987502e-16,0.0,0.36553836857354255,0.012626403313138565,1.7474520880341315e-13,0.0,0.013837099075317383,0.012109994888305664,300,3,0.2
five_modes,five_modes,0.02,0.0026005510865747365,0.0002573352071224574,0.00011657867943507809,0.0011336296098883364,0.00014862856753929387,6.875295053804992e-05,0.0,3.700246623046502e-16,0.0,0.36553836857354255,0.012626403313138565,1.7474520880341315e-13,0.0,0.013837099075317383,0.012109994888305664,300,3,0.2
broadband_fourier,broadband_fourier,0.02,0.041264367399842905,0.0023175919222294373,0.0002633349432296977,0.023158194690422004,0.0012272216380393177,0.00014693872615601037,0.0,6.790601152274279e-16,3.3953005761371396e-16,0.36553836857354255,0.012626403313138565,1.7474520880341315e-13,0.0,0.013837099075317383,0.012109994888305664,300,3,0.2
gaussian_pulse,gaussian_pulse,0.02,0.003425841193687975,0.00034810058957515747,9.993638768506192e-05,0.0037348394519269184,0.00037640380874021285,0.00012618562532765268,1.9598004654784777e-16,2.1557805120263253e-15,0.0,0.36553836857354255,0.012626403313138565,1.7474520880341315e-13,0.0,0.013837099075317383,0.012109994888305664,300,3,0.2
modulated_gaussian,modulated_gaussian,0.02,0.19540041927177823,0.010397352443025452,0.0007529436399858811,0.09142118573283084,0.003712815663812678,0.00040954932327362016,1.7716596104238178e-16,5.314978831271454e-16,1.7716596104238178e-16,0.36553836857354255,0.012626403313138565,1.7474520880341315e-13,0.0,0.013837099075317383,0.012109994888305664,300,3,0.2
two_gaussian_pulses,two_gaussian_pulses,0.02,0.005128813019187092,0.0005152104310584144,0.00011108261493035371,0.005358703728976053,0.0005483188070911944,0.00013682908844876845,0.0,1.0371846906063682e-15,1.4816924151519545e-16,0.36553836857354255,0.012626403313138565,1.7474520880341315e-13,0.0,0.013837099075317383,0.012109994888305664,300,3,0.2
two_wave_exact,two_wave_exact,0.02,0.03519493351536778,0.002737982245126781,0.0002136536039643299,0.030299710490228983,0.0023553825616767264,0.00017623505655832642,1.3295248531202867e-16,1.595429823744344e-15,1.3295248531202867e-16,0.36553836857354255,0.012626403313138565,1.7474520880341315e-13,0.0,0.013837099075317383,0.012109994888305664,300,3,0.2
high_frequency_packet,high_frequency_packet,0.02,0.10065752316575705,0.01634873623455307,0.0012050723774866842,1.1716940835307792,0.3395532841237279,0.018465039586607054,7.381915086635599e-16,1.8454787716588997e-16,1.8454787716588997e-16,0.36553836857354255,0.012626403313138565,1.7474520880341315e-13,0.0,0.013837099075317383,0.012109994888305664,300,3,0.2
rough_smooth_profile,rough_smooth_profile,0.02,0.15185541340280262,0.05855406512251225,0.0028627864915668393,0.10508580786563294,0.035214870780584405,0.0017934654790548502,1.839922623774338e-16,1.839922623774338e-16,1.839922623774338e-16,0.36553836857354255,0.012626403313138565,1.7474520880341315e-13,0.0,0.013837099075317383,0.012109994888305664,300,3,0.2
