hidden_operator,seed_offset,noise_level,R,mean_FD_E_error,mean_ADMM_E_error,mean_SP_ADMM_E_error,ADMM_coeff_error,SP_ADMM_coeff_error,ADMM_runtime_seconds,SP_ADMM_runtime_seconds,SP_ADMM_iterations
A_manuscript_hidden,11,0.2,3,0.045135666318663926,0.006334224435486143,0.002506849566327975,0.43499114133328454,0.1373172547568163,0.009566068649291992,0.011363029479980469,300
A_manuscript_hidden,22,0.2,3,0.045135666318663926,0.005073713923752226,0.002339046253496682,0.29523891668483726,0.1180561903320336,0.012306928634643555,0.012894868850708008,300
A_manuscript_hidden,33,0.2,3,0.045135666318663926,0.005708694765790062,0.001345707102029437,0.35393733698503715,0.006650334653398462,0.010198116302490234,0.011816024780273438,300
A_manuscript_hidden,44,0.2,3,0.045135666318663926,0.004917087831345005,0.0030818031508508597,0.2765153674497894,0.14046984634840953,0.011844873428344727,0.013565778732299805,300
A_manuscript_hidden,55,0.2,3,0.045135666318663926,0.00432441979473794,0.0029022641956115056,0.28367592993433666,0.1360050826540411,0.01059722900390625,0.011741876602172852,300
A_manuscript_hidden,66,0.2,3,0.045135666318663926,0.005841757518514372,0.001601317231929356,0.41276184865223886,0.0955076656192303,0.011195182800292969,0.012917041778564453,300
A_manuscript_hidden,77,0.2,3,0.045135666318663926,0.005050656830977607,0.0019981950079121904,0.3625571487180847,0.006797442071600605,0.01126408576965332,0.011806964874267578,300
A_manuscript_hidden,88,0.2,3,0.045135666318663926,0.005726020134856466,0.000827692401594386,0.3630129695235477,0.004565924044841901,0.013298988342285156,0.014028072357177734,300
A_manuscript_hidden,99,0.2,3,0.045135666318663926,0.00425998374846866,0.0025590426251978216,0.2876719871500607,0.10581435607273111,0.011121988296508789,0.01430511474609375,300
A_manuscript_hidden,111,0.2,3,0.045135666318663926,0.005438102747871112,0.0004454993280914434,0.36553836857354255,0.012626403313138565,0.011253118515014648,0.014835834503173828,300
B_long_range,11,0.2,3,0.09140873381098191,0.010973605134632868,0.0029832265334957765,0.4379534248234513,0.12725236469043746,0.012897014617919922,0.011405706405639648,300
B_long_range,22,0.2,3,0.09140873381098191,0.00852693566902742,0.0019457666383752852,0.30951817941477333,0.10940565703750063,0.011418819427490234,0.013735055923461914,300
B_long_range,33,0.2,3,0.09140873381098191,0.009832317253995863,0.0016342849325903426,0.3632373055552614,0.006161161860383959,0.01103830337524414,0.014848947525024414,300
B_long_range,44,0.2,3,0.09140873381098191,0.00818794653512567,0.0025524668782270672,0.2916982441880353,0.13018018153309066,0.01275181770324707,0.014399051666259766,300
B_long_range,55,0.2,3,0.09140873381098191,0.0071723725771228415,0.002675952276048851,0.29872526262699606,0.12605502280930514,0.012604951858520508,0.0132598876953125,300
B_long_range,66,0.2,3,0.09140873381098191,0.01016018906046117,0.0018477665938894155,0.4176473586355397,0.08850925504697865,0.01152491569519043,0.012961149215698242,300
B_long_range,77,0.2,3,0.09140873381098191,0.007808752556597311,0.00243785487342544,0.37196659419098094,0.006297915598199703,0.01420903205871582,0.012725830078125,300
B_long_range,88,0.2,3,0.09140873381098191,0.009754782015372564,0.0010177033821152162,0.37200150594045245,0.004233199255796713,0.011382102966308594,0.01069784164428711,300
B_long_range,99,0.2,3,0.09140873381098191,0.006491497649548915,0.0027636349948952908,0.30123505309705106,0.09806104873627917,0.012938976287841797,0.013741016387939453,300
B_long_range,111,0.2,3,0.09140873381098191,0.009236550127975038,0.000535227801320123,0.3740931587917025,0.011702869234395424,0.009624242782592773,0.014980077743530273,300
C_high_frequency,11,0.2,3,0.22298749133450085,0.026574659865066366,0.005907217663627322,0.44046992257686807,0.1054082484423768,0.013898134231567383,0.011542797088623047,300
C_high_frequency,22,0.2,3,0.22298749133450085,0.02197093773891693,0.003348214375679783,0.33648061464804707,0.09062843821251831,0.011931896209716797,0.013267993927001953,300
C_high_frequency,33,0.2,3,0.22298749133450085,0.02446904259070992,0.002346522852106143,0.37946569568924554,0.005099675328879557,0.010892152786254883,0.01409602165222168,300
C_high_frequency,44,0.2,3,0.22298749133450085,0.021138093791287844,0.00411238708978016,0.32067522532853976,0.10784458326683499,0.011837005615234375,0.011979818344116211,300
C_high_frequency,55,0.2,3,0.22298749133450085,0.01956571423340666,0.005107969495144706,0.327367017637554,0.10445185972981112,0.012501001358032227,0.013112068176269531,300
C_high_frequency,66,0.2,3,0.22298749133450085,0.025294656520029397,0.003818895840545319,0.4243049782433332,0.07331955956891317,0.012518167495727539,0.010998964309692383,300
C_high_frequency,77,0.2,3,0.22298749133450085,0.020628160735403755,0.003687983129371417,0.38835120897704783,0.005213843625253547,0.010548114776611328,0.014098167419433594,300
C_high_frequency,88,0.2,3,0.22298749133450085,0.024348580093296015,0.0015732924831413668,0.3875137863914168,0.0035108283559040373,0.013478994369506836,0.012280941009521484,300
C_high_frequency,99,0.2,3,0.22298749133450085,0.017838664025587245,0.005475946303780739,0.32678281039336227,0.08123221240036019,0.011404037475585938,0.014021873474121094,300
C_high_frequency,111,0.2,3,0.22298749133450085,0.023442715232654145,0.0009550658203044187,0.38869101529562744,0.009698268009872875,0.011834859848022461,0.011345148086547852,300
D_perturbed_FD,11,0.2,3,0.09659244405768963,0.02530227145172968,0.009297346498362042,0.43044007295096726,0.13810392753346393,0.010697126388549805,0.012488842010498047,300
D_perturbed_FD,22,0.2,3,0.09659244405768963,0.01948886548152728,0.006861447254050674,0.2896912848753059,0.1187135803978681,0.011934041976928711,0.01456308364868164,300
D_perturbed_FD,33,0.2,3,0.09659244405768963,0.02231707875492071,0.0025013027309552837,0.34884443102012874,0.006688678120012562,0.011054039001464844,0.011475086212158203,300
D_perturbed_FD,44,0.2,3,0.09659244405768963,0.0186508932743776,0.008487773028611494,0.2709514546619673,0.1412508463145668,0.013081789016723633,0.012111902236938477,300
D_perturbed_FD,55,0.2,3,0.09659244405768963,0.01746833352886121,0.00947482375521401,0.2780883058119227,0.13673328716947233,0.012378931045532227,0.012111186981201172,300
D_perturbed_FD,66,0.2,3,0.09659244405768963,0.023887927053514616,0.006189513707141131,0.4080248896776053,0.09604977835542418,0.01131582260131836,0.011263847351074219,300
D_perturbed_FD,77,0.2,3,0.09659244405768963,0.020111177728964515,0.004315487712275801,0.35736890834703483,0.006835998544055668,0.013398170471191406,0.011373043060302734,300
D_perturbed_FD,88,0.2,3,0.09659244405768963,0.022477253498160717,0.0018987032755132052,0.35790306363899305,0.00459144324020233,0.012195110321044922,0.01109623908996582,300
D_perturbed_FD,99,0.2,3,0.09659244405768963,0.016752149928415675,0.008894123996146065,0.2823245685281676,0.10640961098048461,0.010351181030273438,0.012788057327270508,300
D_perturbed_FD,111,0.2,3,0.09659244405768963,0.021919397312259697,0.001371300741881374,0.36048866297247534,0.01269826474480601,0.012739181518554688,0.011525869369506836,300
E_compact_biased,11,0.2,3,0.03942656150192409,0.010719965508853097,0.004687933128840065,0.4276356537613497,0.14690143418114637,0.013746023178100586,0.014316082000732422,300
E_compact_biased,22,0.2,3,0.03942656150192409,0.00818116123085159,0.00398989455119389,0.27698352960903505,0.12627972555407987,0.013649940490722656,0.012376070022583008,300
E_compact_biased,33,0.2,3,0.03942656150192409,0.00930078571916074,0.001451720408427982,0.3404976526280844,0.007116291155846491,0.011947870254516602,0.011967897415161133,300
E_compact_biased,44,0.2,3,0.03942656150192409,0.007846090948769506,0.005065040832448781,0.25745831443402056,0.15025080267242888,0.012111902236938477,0.01116800308227539,300
E_compact_biased,55,0.2,3,0.03942656150192409,0.007364741378837497,0.005220755018736862,0.2647042566853787,0.1454429550891951,0.011924028396606445,0.013881206512451172,300
E_compact_biased,66,0.2,3,0.03942656150192409,0.010071662633780567,0.0031046670204541477,0.403537356394405,0.10216815615470183,0.011693000793457031,0.01306295394897461,300
E_compact_biased,77,0.2,3,0.03942656150192409,0.009074403917854058,0.0024282433850653044,0.34892092030805516,0.007272806163816325,0.010676860809326172,0.012010812759399414,300
E_compact_biased,88,0.2,3,0.03942656150192409,0.009502025180286335,0.0010467733104434645,0.3498253433796648,0.004882325196679584,0.011970043182373047,0.013931989669799805,300
E_compact_biased,99,0.2,3,0.03942656150192409,0.007441486739439241,0.004639234501307991,0.2702537311884213,0.11318941185832958,0.013077974319458008,0.014017820358276367,300
E_compact_biased,111,0.2,3,0.03942656150192409,0.009309314426469727,0.0007173660895700357,0.352792685714037,0.013505516378154881,0.013096094131469727,0.01155400276184082,300
