seed_offset,noise_level,R,FD_E_error,ADMM_E_error,SP_ADMM_E_error,ADMM_coeff_error,SP_ADMM_coeff_error,ADMM_runtime_seconds,SP_ADMM_runtime_seconds,SP_ADMM_iterations
11,0.0,3,0.03519493351536778,0.002640922167578589,1.3372935683997662e-07,0.35300505469470306,1.7877174204435194e-05,0.01243281364440918,0.01223897933959961,300
11,0.01,3,0.03519493351536778,0.002694195058780271,7.653985074447543e-05,0.35710435605543683,0.006882846093549235,0.011044025421142578,0.013379096984863281,300
11,0.02,3,0.03519493351536778,0.0027476028998902912,0.00015295036421701422,0.3612036576708968,0.01374781493017824,0.010191202163696289,0.012082815170288086,300
11,0.05,3,0.03519493351536778,0.0029085616889619123,0.00038218190760968884,0.373501564753789,0.03434272163207825,0.013215065002441406,0.013740062713623047,300
11,0.1,3,0.03519493351536778,0.0031789040659282453,0.0007642344259984491,0.3939980832538318,0.06866756608059588,0.0112152099609375,0.015552043914794922,300
11,0.2,3,0.03519493351536778,0.003725338254097929,0.0015283390132004265,0.43499114133328454,0.1373172547568163,0.012389898300170898,0.013765096664428711,300
11,0.3,3,0.03519493351536778,0.004276985764828746,0.0022924425653684504,0.47598422113249295,0.20596694376969912,0.013606071472167969,0.013365983963012695,300
11,0.5,3,0.03519493351536778,0.005389503975472078,0.0038206444480468923,0.5579704268993748,0.3432663215412007,0.013609886169433594,0.015043020248413086,300
11,0.7,3,0.03519493351536778,0.00650905650222094,0.005348835857564737,0.6399566748751478,0.4805656987308258,0.011198997497558594,0.013485193252563477,300
11,0.9,3,0.03519493351536778,0.00763254442187159,0.0068770125956499634,0.7219429504173396,0.6178650766270535,0.013651847839355469,0.01301884651184082,300
11,1.0,3,0.03519493351536778,0.008195257218028364,0.007641094145062418,0.7629360957421859,0.6865147652351443,0.013129234313964844,0.013566970825195312,300
22,0.0,3,0.03519493351536778,0.0026288980230511193,1.8470702761553985e-07,0.36420165396453974,2.5590926165460856e-05,0.013006925582885742,0.012832164764404297,300
22,0.01,3,0.03519493351536778,0.0025669258411062895,8.638353417089143e-05,0.36075215489225,0.005878512705258426,0.01301121711730957,0.015465021133422852,300
22,0.02,3,0.03519493351536778,0.002505407715667436,0.0001729374866241517,0.35730277419127804,0.011782601040146999,0.011813163757324219,0.01644110679626465,300
22,0.05,3,0.03519493351536778,0.0023239369877273517,0.0004325993711625211,0.3469553787126083,0.029494866135310202,0.01357579231262207,0.01478886604309082,300
22,0.1,3,0.03519493351536778,0.002034493674081267,0.000865369098988413,0.3297124407357998,0.059015307382284686,0.010622024536132812,0.013476848602294922,300
22,0.2,3,0.03519493351536778,0.0015371529857005268,0.0017309077862485628,0.29523891668483726,0.1180561903320336,0.010364055633544922,0.014209747314453125,300
22,0.3,3,0.03519493351536778,0.0012578284331907965,0.002596444614061165,0.2607873032044269,0.17709707386264004,0.011434078216552734,0.0134429931640625,300
22,0.5,3,0.03519493351536778,0.0017342340368270402,0.0043275086858390755,0.19199698750283684,0.2951788397703701,0.012879133224487305,0.012407064437866211,300
22,0.7,3,0.03519493351536778,0.0029009347435607824,0.006058553348852572,0.12356686661379337,0.4132606056177858,0.013754129409790039,0.013687849044799805,300
22,0.9,3,0.03519493351536778,0.004219666985872117,0.007789570637862259,0.05681372623539684,0.5313423716932423,0.012996912002563477,0.013775110244750977,300
22,1.0,3,0.03519493351536778,0.004898366117267543,0.008655066527881396,0.028102083839000182,0.5903832548814637,0.011235713958740234,0.01368403434753418,300
33,0.0,3,0.03519493351536778,0.0026337957155969593,1.5060611719998055e-07,0.3571025735885827,2.042188002651049e-05,0.013462066650390625,0.014988183975219727,300
33,0.01,3,0.03519493351536778,0.0025906039512441836,5.404768333048021e-05,0.35694327010751864,0.00031709276251618945,0.012758016586303711,0.011714935302734375,300
33,0.02,3,0.03519493351536778,0.002547803953948026,0.00010821811131045754,0.35678407564393516,0.0006503151643247557,0.014528989791870117,0.012794256210327148,300
33,0.05,3,0.03519493351536778,0.0024219613056357717,0.00027072947045105153,0.35630714590765666,0.0016502673333676219,0.011033058166503906,0.011126995086669922,300
33,0.1,3,0.03519493351536778,0.0022221820369476048,0.0005415817110059703,0.3555144516773169,0.0033169452901272664,0.013532161712646484,0.01730632781982422,300
33,0.2,3,0.03519493351536778,0.0018740398060547389,0.0010832857795971954,0.35393733698503715,0.006650334653398462,0.012911081314086914,0.014652013778686523,300
33,0.3,3,0.03519493351536778,0.0016305444662804698,0.0016249888698226312,0.3523713768450297,0.009983731042797372,0.010595083236694336,0.015149116516113281,300
33,0.5,3,0.03519493351536778,0.0016340482653665325,0.002708390136723592,0.3492735199583167,0.016650528523466296,0.010087966918945312,0.013421058654785156,300
33,0.7,3,0.03519493351536778,0.0022298781709431032,0.003791781543651022,0.34622209495031886,0.023317327616950528,0.010393857955932617,0.014545917510986328,300
33,0.9,3,0.03519493351536778,0.003092784878421305,0.0048751591263565455,0.34321834014000663,0.029984127259486296,0.00967717170715332,0.012673139572143555,300
33,1.0,3,0.03519493351536778,0.0035666206104883586,0.005416841496086191,0.3417347327222764,0.03331752735163545,0.01152801513671875,0.011483907699584961,300
44,0.0,3,0.03519493351536778,0.0026705936078356275,1.6304733357386197e-07,0.35932048209300643,2.1939525436072796e-05,0.011923074722290039,0.012964010238647461,300
44,0.01,3,0.03519493351536778,0.0025675874014210874,0.00013176413728585866,0.355178256660597,0.007002661902971122,0.010977029800415039,0.011940240859985352,300
44,0.02,3,0.03519493351536778,0.002465356859692418,0.0002636824473735954,0.35103619478117076,0.01402725061837683,0.011098861694335938,0.011217117309570312,300
44,0.05,3,0.03519493351536778,0.0021644144711331667,0.0006594373430149591,0.3386110485529603,0.035101016444873755,0.012725830078125,0.012174844741821289,300
44,0.1,3,0.03519493351536778,0.0016921658793420862,0.0013190285225099787,0.31790634358869624,0.07022395968432654,0.010977029800415039,0.011974096298217773,300
44,0.2,3,0.03519493351536778,0.0010484514610931846,0.0026382084177141254,0.2765153674497894,0.14046984634840953,0.013784170150756836,0.014572858810424805,300
44,0.3,3,0.03519493351536778,0.0013563002165758076,0.00395738267362282,0.23515978492563105,0.21071573334142443,0.010464191436767578,0.013453006744384766,300
44,0.5,3,0.03519493351536778,0.003291429519491349,0.006595702955315838,0.15266986936867713,0.351207506195036,0.012708902359008789,0.013108968734741211,300
44,0.7,3,0.03519493351536778,0.005463057613878089,0.009233966784612383,0.07133257973871156,0.49169927949392833,0.009618759155273438,0.011420011520385742,300
44,0.9,3,0.03519493351536778,0.007672903556340287,0.011872151569739189,0.0253153750478157,0.632191053025025,0.010556936264038086,0.015040874481201172,300
44,1.0,3,0.03519493351536778,0.0087831532771429,0.013191207260274358,0.05984764072463099,0.7024369396637234,0.01143789291381836,0.01365518569946289,300
55,0.0,3,0.03519493351536778,0.002732271863890867,1.8779186254377807e-07,0.3633139096404012,2.4972991795084113e-05,0.011622190475463867,0.014709711074829102,300
55,0.01,3,0.03519493351536778,0.0026741904590754082,8.086612287442435e-05,0.35933193742106806,0.006776530409798947,0.013705968856811523,0.014714956283569336,300
55,0.02,3,0.03519493351536778,0.002616216402371635,0.00016191605090775323,0.3553499716872756,0.013578033208889083,0.036561012268066406,0.06400179862976074,300
55,0.05,3,0.03519493351536778,0.0024430146628279547,0.0004050658350036839,0.3434041130723626,0.033982541348647616,0.037138938903808594,0.01694798469543457,300
55,0.1,3,0.03519493351536778,0.002157323877533137,0.0008103154158554858,0.3234944927623064,0.06799005520483574,0.014384031295776367,0.013683795928955078,300
55,0.2,3,0.03519493351536778,0.001604257867324276,0.0016208140716910027,0.28367592993433666,0.1360050826540411,0.010179281234741211,0.015079259872436523,300
55,0.3,3,0.03519493351536778,0.001106392236084566,0.0024313115696412996,0.2438586391629774,0.20402011005815132,0.012273073196411133,0.013498306274414062,300
55,0.5,3,0.03519493351536778,0.0008471265609917462,0.004052300769826735,0.1642315748011375,0.3400501649188313,0.015022993087768555,0.016239166259765625,300
55,0.7,3,0.03519493351536778,0.0017704835262517054,0.005673278371410209,0.08463811062110727,0.47608021983187343,0.012403011322021484,0.013041973114013672,300
55,0.9,3,0.03519493351536778,0.0029111957063530564,0.007294239732913345,0.006467965474289665,0.612110274957061,0.013760089874267578,0.015630245208740234,300
55,1.0,3,0.03519493351536778,0.003498796246327248,0.008104712870614136,0.03519135512651071,0.680125302200106,0.013028144836425781,0.013950109481811523,300
66,0.0,3,0.03519493351536778,0.002621982214822029,1.452552692748995e-07,0.35606788870394546,1.9727820952859854e-05,0.014018058776855469,0.012167930603027344,300
66,0.01,3,0.03519493351536778,0.0026438206965303255,3.6446176879326354e-05,0.358902579085697,0.004794124265261587,0.014653921127319336,0.014458179473876953,300
66,0.02,3,0.03519493351536778,0.0026656640828938457,7.274782803035858e-05,0.36173727029105457,0.009568521435578512,0.01140284538269043,0.01953887939453125,300
66,0.05,3,0.03519493351536778,0.0027312224967317436,0.00018165277411360612,0.3702413493268998,0.023891712029936514,0.01639723777770996,0.015614032745361328,300
66,0.1,3,0.03519493351536778,0.002840574173558359,0.000363160999282144,0.38441483123461245,0.047763696527267814,0.012953042984008789,0.014487981796264648,300
66,0.2,3,0.03519493351536778,0.003059563861532064,0.0007261773154711449,0.41276184865223886,0.0955076656192303,0.016124725341796875,0.013978958129882812,300
66,0.3,3,0.03519493351536778,0.0032788714942716774,0.001089193347432797,0.44110892726850626,0.14325163499578786,0.014542102813720703,0.015039920806884766,300
66,0.5,3,0.03519493351536778,0.0037182150907956826,0.0018152240386662992,0.49780322504391605,0.2387395731200683,0.012665987014770508,0.012780904769897461,300
66,0.7,3,0.03519493351536778,0.0041582726047478405,0.0025412520569003693,0.5544976628382241,0.33422751110886695,0.013725042343139648,0.014552831649780273,300
66,0.9,3,0.03519493351536778,0.004598838351960346,0.003267276391403639,0.6111922014913844,0.4297154498017274,0.011501073837280273,0.013062000274658203,300
66,1.0,3,0.03519493351536778,0.004819268019145053,0.0036302868534055484,0.6395395002155211,0.47745941854576684,0.01660776138305664,0.015291929244995117,300
77,0.0,3,0.03519493351536778,0.002663265954938387,1.9056366307318897e-07,0.3647604876013934,2.6101562003574578e-05,0.012728214263916016,0.014201879501342773,300
77,0.01,3,0.03519493351536778,0.0027231261160609627,7.458077556836677e-05,0.3646482499648181,0.0003265741458504031,0.015305042266845703,0.013947010040283203,300
77,0.02,3,0.03519493351536778,0.002783714040081862,0.00014901062783813346,0.3645362291572074,0.0006668187916503235,0.014223098754882812,0.014393806457519531,300
77,0.05,3,0.03519493351536778,0.0029693962544635813,0.0003723002723840215,0.36420146927094726,0.0016884311639931496,0.012795209884643555,0.015380859375,300
77,0.1,3,0.03519493351536778,0.003289693727847037,0.0007444495482142703,0.36364789025590394,0.0033914002322933934,0.011450767517089844,0.014986038208007812,300
77,0.2,3,0.03519493351536778,0.00395890727299766,0.001488746817957883,0.3625571487180847,0.006797442071600605,0.011337995529174805,0.015218019485473633,300
77,0.3,3,0.03519493351536778,0.004652478304908419,0.0022330411425376846,0.3614884610220337,0.010203506830686153,0.011897087097167969,0.012474775314331055,300
77,0.5,3,0.03519493351536778,0.006079135972949772,0.0037216150924378566,0.35941802940881634,0.017015650083665575,0.011326074600219727,0.013337135314941406,300
77,0.7,3,0.03519493351536778,0.007533444927347829,0.005210159681015213,0.35743814259019263,0.023827798523633405,0.011388778686523438,0.013760089874267578,300
77,0.9,3,0.03519493351536778,0.009001988524746934,0.006698663195984432,0.35555031245537616,0.030639948622285997,0.011690855026245117,0.013276815414428711,300
77,1.0,3,0.03519493351536778,0.00973957957963198,0.00744289588896275,0.35464138090918185,0.03404602416722206,0.011066198348999023,0.015311717987060547,300
88,0.0,3,0.03519493351536778,0.0026505571132278507,1.68664317814073e-07,0.36074460341597403,2.2957435763698018e-05,0.009885072708129883,0.014831781387329102,300
88,0.01,3,0.03519493351536778,0.0026478022987786406,2.5506540431121667e-05,0.36085763479259747,0.00024702629512408946,0.011211872100830078,0.012861967086791992,300
88,0.02,3,0.03519493351536778,0.0026452919750597974,5.102742045207975e-05,0.36097070700652256,0.00047420548566198215,0.011013031005859375,0.01399993896484375,300
88,0.05,3,0.03519493351536778,0.002639234593104214,0.0001275907584643775,0.36131016922543113,0.001156088337532713,0.0108489990234375,0.011660099029541016,300
88,0.1,3,0.03519493351536778,0.0026340806888699476,0.0002551966522544606,0.36187675534525576,0.002292684249820078,0.011561870574951172,0.010354995727539062,300
88,0.2,3,0.03519493351536778,0.0026423799640059196,0.0005104089126607296,0.3630129695235477,0.004565924044841901,0.012955188751220703,0.012607336044311523,300
88,0.3,3,0.03519493351536778,0.002675224461971336,0.0007656216717140357,0.3641532080119045,0.006839174865719739,0.009872913360595703,0.01349496841430664,300
88,0.5,3,0.03519493351536778,0.00281046710243704,0.001276048453724249,0.3664456072602663,0.011385683090114134,0.013262033462524414,0.015269756317138672,300
88,0.7,3,0.03519493351536778,0.00302722340552654,0.0017864765974476564,0.368753656046113,0.015932193384857046,0.013112068176269531,0.014204978942871094,300
88,0.9,3,0.03519493351536778,0.0033095158669655066,0.002296905723358325,0.37107706209193597,0.020478704818307877,0.011874914169311523,0.013669013977050781,300
88,1.0,3,0.03519493351536778,0.00347038881439484,0.0025521205368220987,0.37224443436490295,0.022751960853496817,0.013641834259033203,0.014848947525024414,300
99,0.0,3,0.03519493351536778,0.0026374648971011355,1.2583897087683018e-07,0.3510717311730378,1.675231570349092e-05,0.011073112487792969,0.011638164520263672,300
99,0.01,3,0.03519493351536778,0.0026491025635593324,2.2522416570976528e-05,0.3479011482411541,0.005274808100500176,0.010438919067382812,0.012012004852294922,300
99,0.02,3,0.03519493351536778,0.0026609232494144786,4.5068761349301843e-05,0.3447306176418405,0.010566363534963635,0.011795997619628906,0.012665033340454102,300
99,0.05,3,0.03519493351536778,0.002697459184529352,0.00011270817794278918,0.33521935486737825,0.026441028708676134,0.012125968933105469,0.012893199920654297,300
99,0.1,3,0.03519493351536778,0.002761787884461435,0.0002254405114965039,0.31936844401623576,0.05289880438249593,0.013972997665405273,0.01412510871887207,300
99,0.2,3,0.03519493351536778,0.0029022767299226337,0.00045090395342385625,0.2876719871500607,0.10581435607273111,0.011261940002441406,0.012605905532836914,300
99,0.3,3,0.03519493351536778,0.003056703636740124,0.0006763644751104207,0.25598489842629685,0.1587299075827007,0.011570930480957031,0.010729789733886719,300
99,0.5,3,0.03519493351536778,0.003399612025395444,0.0011272708312382851,0.19265731373908232,0.26456101069195387,0.012161970138549805,0.012697935104370117,300
99,0.7,3,0.03519493351536778,0.003777465302785019,0.0015781477698119815,0.12946783364384698,0.37039211370130287,0.010215997695922852,0.013983011245727539,300
99,0.9,3,0.03519493351536778,0.0041807970681302055,0.002028983507075185,0.06680947831218034,0.4762232166352448,0.01246786117553711,0.013323068618774414,300
99,1.0,3,0.03519493351536778,0.004389839412027381,0.002254382248029068,0.03654435316327992,0.5291387682065489,0.010469913482666016,0.012354135513305664,300
111,0.0,3,0.03519493351536778,0.002671095488599305,1.575603801422755e-07,0.35809931964403746,2.1125243010397814e-05,0.012079000473022461,0.01230001449584961,300
111,0.01,3,0.03519493351536778,0.0026741285945557653,1.075273857234439e-05,0.3584712280703908,0.0006513480731260812,0.012748956680297852,0.013437986373901367,300
111,0.02,3,0.03519493351536778,0.002677195168343197,2.1431318571172685e-05,0.358843141300243,0.0012816134325562983,0.009919881820678711,0.01304006576538086,300
111,0.05,3,0.03519493351536778,0.0026865945395904626,5.346814751249889e-05,0.3599589090034941,0.0031724114210484357,0.010397911071777344,0.013539791107177734,300
111,0.1,3,0.03519493351536778,0.0027029186445239853,0.00010686323936747359,0.36181861476561655,0.006323742157439967,0.011474132537841797,0.013096094131469727,300
111,0.2,3,0.03519493351536778,0.002737982245126781,0.0002136536039643299,0.36553836857354255,0.012626403313138565,0.010734081268310547,0.01331186294555664,300
111,0.3,3,0.03519493351536778,0.0027761635167329723,0.00032044405867135746,0.3692585677032982,0.01892906488003473,0.01143503189086914,0.012124300003051758,300
111,0.5,3,0.03519493351536778,0.0028613697125053484,0.000534025146929262,0.37670024802569446,0.031534387763318426,0.011940240859985352,0.013085126876831055,300
111,0.7,3,0.03519493351536778,0.0029575036038252994,0.0007476064342241527,0.3841435554735733,0.04413971053421226,0.010950803756713867,0.013064146041870117,300
111,0.9,3,0.03519493351536778,0.0030635366369707513,0.0009611878900067516,0.39158839714650545,0.056745033631023484,0.010287046432495117,0.01265096664428711,300
111,1.0,3,0.03519493351536778,0.0031199536291914064,0.0010679786726541455,0.39531136621085355,0.06304769547277317,0.011275053024291992,0.013827085494995117,300
