noise_level,R,FD_E_error,ADMM_E_error,SP_ADMM_E_error,FD_energy_drift,ADMM_energy_drift,SP_ADMM_energy_drift,ADMM_skew_violation,SP_ADMM_skew_violation,ADMM_coeff_error,SP_ADMM_coeff_error,ADMM_runtime_seconds,SP_ADMM_runtime_seconds,SP_ADMM_iterations
0.0,3,0.03519493351536778,0.002682900970909502,2.0128304979707959e-07,1.3295248531202867e-16,2.6590497062405734e-15,0.0,1.8308297043705065e-13,0.0,0.36635384402585847,2.748753277642676e-05,0.011662006378173828,0.011462211608886719,300
0.01,3,0.03519493351536778,0.002662096346099225,5.188829663912327e-05,1.3295248531202867e-16,1.196572367808258e-15,0.0,1.5837953860340569e-13,0.0,0.352501598618105,0.0006576028606292785,0.011191844940185547,0.014868021011352539,300
0.02,3,0.03519493351536778,0.0026255276368118783,7.994265357535864e-05,1.3295248531202867e-16,3.0579071621766595e-15,1.3295248531202867e-16,2.8136198656545015e-13,0.0,0.3503215161808021,0.010213085575172056,0.014799118041992188,0.0177762508392334,300
0.05,3,0.03519493351536778,0.003019669613838335,0.0005316886130292928,1.3295248531202867e-16,1.4624773384323154e-15,2.6590497062405734e-16,7.226164111528988e-14,0.0,0.3748500757670653,0.04879556962379813,0.015427112579345703,0.013855934143066406,300
0.1,3,0.03519493351536778,0.0025753507178134065,0.0004135112627633399,1.3295248531202867e-16,1.99428727968043e-15,0.0,2.6322347000892163e-13,0.0,0.334498970260619,0.048709516651484784,0.011328935623168945,0.014477014541625977,300
0.2,3,0.03519493351536778,0.0027420952249939874,0.0006616514099523114,1.3295248531202867e-16,1.3295248531202867e-16,1.3295248531202867e-16,1.8169342639960774e-13,0.0,0.3881832819551242,0.057699385943006665,0.013234853744506836,0.013125896453857422,300
0.3,3,0.03519493351536778,0.0016354833094522484,0.0017313057932001278,1.3295248531202867e-16,1.0636198824962294e-15,0.0,1.7176114073834328e-13,0.0,0.35332806586513943,0.01186824800691203,0.01171422004699707,0.01253509521484375,300
0.5,3,0.03519493351536778,0.005704529426365377,0.004828165723905064,1.3295248531202867e-16,2.6590497062405734e-15,0.0,2.2648549702353193e-13,0.0,0.7031878118074061,0.5851194263849647,0.011363983154296875,0.014406919479370117,300
0.7,3,0.03519493351536778,0.001923996396442821,0.004180342860049819,1.3295248531202867e-16,7.97714911872172e-16,0.0,1.1018906917919266e-13,0.0,0.18342278431442996,0.30614244870868573,0.01395106315612793,0.011311769485473633,300
0.9,3,0.03519493351536778,0.012249536994376501,0.009554021892510567,1.3295248531202867e-16,5.318099412481147e-16,0.0,5.835470981131198e-14,0.0,0.303499382947994,0.10873154549423343,0.013139009475708008,0.013386011123657227,300
1.0,3,0.03519493351536778,0.0033063849990481848,0.0033533225728241997,1.3295248531202867e-16,2.2601922503044874e-15,1.3295248531202867e-16,5.348847983393291e-13,0.0,0.5124190386543718,0.2765581633961246,0.012156963348388672,0.012640953063964844,300
