initial_condition,noise_level,R,FD_E_error,ADMM_E_error,SP_ADMM_E_error,FD_energy_drift,ADMM_energy_drift,SP_ADMM_energy_drift,ADMM_skew_violation,SP_ADMM_skew_violation,ADMM_runtime_seconds,SP_ADMM_runtime_seconds,SP_ADMM_iterations
single_mode,0.2,3,9.79643999749635e-05,0.00017498849912858327,6.765791976937087e-05,0.0,0.0,1.1102230246251565e-16,1.7474520880341315e-13,0.0,0.013402938842773438,0.01340794563293457,300
two_modes,0.2,3,0.0011155518563774288,0.00014110955306423866,6.947781462984412e-05,0.0,8.516779366987502e-16,0.0,1.7474520880341315e-13,0.0,0.013402938842773438,0.01340794563293457,300
five_modes,0.2,3,0.0026005510865747365,0.0002573352071224574,0.00011657867943507809,0.0,3.700246623046502e-16,0.0,1.7474520880341315e-13,0.0,0.013402938842773438,0.01340794563293457,300
broadband_fourier,0.2,3,0.041264367399842905,0.0023175919222294373,0.0002633349432296977,0.0,6.790601152274279e-16,3.3953005761371396e-16,1.7474520880341315e-13,0.0,0.013402938842773438,0.01340794563293457,300
gaussian_pulse,0.2,3,0.003425841193687975,0.00034810058957515747,9.993638768506192e-05,1.9598004654784777e-16,2.1557805120263253e-15,0.0,1.7474520880341315e-13,0.0,0.013402938842773438,0.01340794563293457,300
modulated_gaussian,0.2,3,0.19540041927177823,0.010397352443025452,0.0007529436399858811,1.7716596104238178e-16,5.314978831271454e-16,1.7716596104238178e-16,1.7474520880341315e-13,0.0,0.013402938842773438,0.01340794563293457,300
two_gaussian_pulses,0.2,3,0.005128813019187092,0.0005152104310584144,0.00011108261493035371,0.0,1.0371846906063682e-15,1.4816924151519545e-16,1.7474520880341315e-13,0.0,0.013402938842773438,0.01340794563293457,300
two_wave_exact,0.2,3,0.03519493351536778,0.002737982245126781,0.0002136536039643299,1.3295248531202867e-16,1.595429823744344e-15,1.3295248531202867e-16,1.7474520880341315e-13,0.0,0.013402938842773438,0.01340794563293457,300
high_frequency_packet,0.2,3,0.10065752316575705,0.01634873623455307,0.0012050723774866842,7.381915086635599e-16,1.8454787716588997e-16,1.8454787716588997e-16,1.7474520880341315e-13,0.0,0.013402938842773438,0.01340794563293457,300
rough_smooth_profile,0.2,3,0.15185541340280262,0.05855406512251225,0.0028627864915668393,1.839922623774338e-16,1.839922623774338e-16,1.839922623774338e-16,1.7474520880341315e-13,0.0,0.013402938842773438,0.01340794563293457,300
